{"cameraMode":{"drawMode":0,"name":"Shaded","section":"Shading Mode"},"sceneLighting":false,"audioPlay":false,"sceneViewState":{"m_AlwaysRefresh":false,"showFog":true,"showSkybox":false,"showFlares":true,"showImageEffects":true,"showParticleSystems":true,"showVisualEffectGraphs":true,"m_FxEnabled":true},"in2DMode":false,"pivot":{"x":-0.000050127506256103516,"y":0.9136413335800171,"z":0.03354746103286743},"rotation":{"x":-0.03261592611670494,"y":0.5475217700004578,"z":0.021364139392971994,"w":0.8358821868896484},"size":1.461439609527588,"orthographic":false}